Strategy,Revenue,UnitsSold,FirmID
markdown,943.5908246461653,117.94885308077066,3
none,1072.981703416707,107.2981703416707,3
promotion,579.3617651303537,64.37352945892818,3
